DOMINICK DANIEL AND SERENA AMBER STEVENS,DOMINICK DANIEL
KARLA AND JOHN ANDRE MOREHEAD,KARLA
SIDNEY STEVEN AND MONICA PATRICIA IRELAND,SIDNEY STEVEN
EMMA AND RICKIE HALBERSTADT ACOSTA,EMMA ACOSTA
DANIEL JONES AND MARY SERRANO,DANIEL JONES
BONNIE AND MICHAEL TRAN,BONNIE MICHAEL TRAN
MARLENE AND SCOTT BRINKER,MARLENE SCOTT BRINKER
RICHARD AND CASSANDRA COX,RICHARD
JOHN KEVIN AND ANGELITA JENNIFER COX,JOHN KEVIN COX
DARNELL AND KIZZY EDITH ERIC,DARNELL
KATHERINE AND JAMES JOE JACKSON LOVE,KATHERINE JACKSON LOVE
CATHY DIANA AND JERRY SEAN ROLLINS CHRISTOPHER,CATHY DIANA ROLLINS CHRISTOPHER
LAURA STEVEN AND REVEREND ADELE KEITH,LAURA STEVEN KEITH
BERNARD AND JEANETTE MARGARET ANTHONY,BERNARD
ROBERT EICHELBERG AND COLONEL NA DEBORAH LOFTIS,ROBERT EICHELBERG
JACQUELINE AND CYNTHIA HARLESS,JACQUELINE
DAVE FEE AND LORI MARJORIE,DAVE FEE
RALPH CURTIS AND KRISTIE MARIE MALCOLM,RALPH CURTIS
SUSAN CHRISTY AND MARY TRUDY CATHERINE,SUSAN CHRISTY
RANDALL COATES AND FELICITA SMITH,RANDALL COATES SMITH
JONATHAN RAYMON AND ASHLEE EUNICE SALDIVAR,JONATHAN RAYMON
CHRISTINE AND COLONEL ROBERT MOY,CHRISTINE
JOSEPHINE BRENDA AND CHARLES VERMAAS,JOSEPHINE BRENDA CHARLES VERMAAS
LISA ALMA AND ANNA CAROLYN MORRELL,LISA ALMA
JUAN JOHN AND STEVE DONALD KIM,JUAN JOHN KIM
MAJOR DORIS GOOCH AND JOHN RUPERT DIETL,MAJOR DORIS GOOCH
KEVIN AND CINDERELLA LESLIE,KEVIN
TAIWO THOMAS MULERO AND JACQUELINE SUZANNE PAULA,TAIWO THOMAS MULERO
PAMELA ADDIE AND CARLOS WESLEY LORRAINE,PAMELA ADDIE
JAMES AND SANDY DEBRA REYES,JAMES
RUBY ASHLEY AND LEO CHRISTOPHER BROWN,RUBY ASHLEY
GEORGE JOE KENNEDY AND KRYSTAL ARLENE CORR,GEORGE JOE KENNEDY
SHEILA AND ANTHONY WILBUR ONG,SHEILA
GAIL FRANCIS AND FRANK MATUS MICHAEL,GAIL FRANCIS
GLENN RALPH RAMOS AND ANNE LINDA FUNG,GLENN RALPH RAMOS
CHRISTOPHER ISMAEL ROBERTSON AND COLONEL KELSEY HENG,CHRISTOPHER ISMAEL ROBERTSON
HERRIN MATTHEW AND CLARA MARGARET WELLS,HERRIN MATTHEW WELLS
HENRY AND KIMBERLY WILSON,HENRY
GEORGE DOUGLAS AND DWIGHT ABRAHAM BOWLIN,GEORGE DOUGLAS
NORMAND JAMES AND ELIZABETH KARA TRICKEY,NORMAND JAMES
MARY STEPHANIE AND MICHAEL LAPITAN,MARY STEPHANIE MICHAEL LAPITAN
CRAIG HERBERT AND ROWENA BURNS,CRAIG HERBERT BURNS
JAMISON CHARLES AND ROBIN OLGA ALLEN,JAMISON CHARLES
BULONE LUCILE AND MICHAEL GERARD BOCK,BULONE LUCILE
MELVIN ALBERT AND MARTHA SHARON GUTH,MELVIN ALBERT
LYDIA CAREY AND GREEN WISEMAN,LYDIA CAREY
CHRISTOPHER AND ROSE MARK,CHRISTOPHER ROSE MARK
WILLIAM AND ERIC ERNESTO SANCHEZ,WILLIAM SANCHEZ
NICOLE ROSEMARIE AND GENARO BORGES OLIVER,NICOLE ROSEMARIE OLIVER
RAFAEL DUSTIN AND NANCY JEANETTE SPENCER CASLER,RAFAEL DUSTIN SPENCER CASLER
DONNA AND PERRY JOSHUA TERRY,DONNA TERRY
AGNES GERTRUDE YONG WALSH AND KEVIN DAVID FLORES,AGNES GERTRUDE YONG WALSH
AUDRIA VICKI AND DENNIS DANNY MILLER,AUDRIA VICKI MILLER
DESSIE MELISSA AND CLINTON DAVID BRENT,DESSIE MELISSA DAVID BRENT
LOUIS AND DOROTHY ICKES,LOUIS
FIGUEROA MELANIE AND LAWRENCE ALLEN LISSAUER,FIGUEROA MELANIE ALLEN LISSAUER
LEE KUMAR AND NANCY NGUYEN,LEE KUMAR NGUYEN
MARY CLARA AND ARTHUR UNDERWOOD,MARY CLARA UNDERWOOD
NICOLE AND LELAND FENN,NICOLE
EILEEN JUDY AND RONALD KELLER SOUTHER,EILEEN JUDY KELLER SOUTHER
ROBERT AND NORIKO FRANCISCA LAZZARI,ROBERT
BLANCA KAREN HARPSTER AND PAUL LEE,BLANCA KAREN HARPSTER PAUL LEE
SHARON DEBORAH SATTERTHWAITE AND FLESKES ANTONIO MAZZA,SHARON DEBORAH SATTERTHWAITE
ELAINE MICHELE AND GLORIA JOAN VALDIVIA,ELAINE MICHELE
NAOMI BERNICE CORREA AND KENNETH BOYD HILL,NAOMI BERNICE CORREA
JUDY SHELDON MARSHALL AND JOEL NGUYEN,JUDY SHELDON MARSHALL
EVELYN REIKO FOSTER BANKS AND KADLEC JERRY GUZMAN,EVELYN REIKO FOSTER BANKS
WILLIAM JUSTIN AND DIANA MELISSA RASULO,WILLIAM JUSTIN
DAVID ROGER CROSBY AND ADRIENNE SHIRLEY DORIS,DAVID ROGER CROSBY
VICKIE MICHELLE AND MARK UMPIERRE,VICKIE MICHELLE
LISA SUE AND JENNIFER JOHANNA KWAN,LISA SUE
JAMES BILLY AND BARBARA GODFREY,JAMES BILLY
RORY GARY AND CHARLOTTE SCRANTON,RORY GARY
DIANA AND GERALD CAMERON COLEMAN,DIANA CAMERON COLEMAN
SHERI AND JOE ROBERT KAMER,SHERI
JOSE LONEY AND MARIA TERRI LEHMAN,JOSE LONEY
GERALD SIDNEY AND EDNA SPEAR CHIVERS,GERALD SIDNEY
WALLACE AND SARAH DONNA ZIEGLER,WALLACE
MICHAEL AND EDNA LISA LINCOLN,MICHAEL
RODNEY MERCIER AND WALTER MCNEILL,RODNEY MERCIER WALTER MCNEILL
SYLVIA MARIE AND BRYAN SUZANNE,SYLVIA MARIE BRYAN SUZANNE
LINDA KAY AND JOSE CHAD LEMONS GREEN,LINDA KAY GREEN
SPENCER AND SARAH GROSS,SPENCER
JONATHAN PAUL AND PATRICIA RODRIGUEZ,JONATHAN PAUL
ESTES STEPHANIE AND BAILEY RALPH PERSON,ESTES STEPHANIE PERSON
LINDA NATALIE AND DAVID YI,LINDA NATALIE DAVID YI
GARY GORDON AND JANICE VICTORIA JAMES,GARY GORDON
CHARLES JOHN AND JAMES ROBERT CROOKS,CHARLES JOHN
NICHOLAS AND WRIGHT KIMBERLY METHOD,NICHOLAS
MAHER AND TORRES CASTILLO MAPLE,MAHER CASTILLO MAPLE
LOUIE DONALD AND LOLA YOUNG,LOUIE DONALD YOUNG
CLARISSA EVE CHARLES AND ABEL WILLIAM JENKINS,CLARISSA EVE CHARLES
KAREN GAIL AND EVELYN CAROL TOUSSAINT,KAREN GAIL
DARLENE AND DALE RAMIRES BROUGHTON,DARLENE
DIANNA THACKER AND HILTON PETROVA,DIANNA THACKER
MCCORMICK CATHERINE AND LAWRENCE GRICE,MCCORMICK CATHERINE LAWRENCE GRICE
MAJOR JAMES MICHAEL AND PAULINE SANCHEZ,MAJOR JAMES MICHAEL
DAVID ALAN SAYLES AND LISA INEZ CLONTS,DAVID ALAN SAYLES
MICHAEL ANTHONY ASIA AND LIDIA TREJO,MICHAEL ANTHONY ASIA TREJO
ALDO ARTHUR ROBLES AND DAWN LILIA ROTH,ALDO ARTHUR ROBLES
DONALD DAVID AND VERONICA BALLINGER,DONALD DAVID
LARRY AND TROLINDER HINCHMAN,LARRY
AUL MERCEDES AND ERIC ROGER HESTER,AUL MERCEDES HESTER
PATTI AND RICHARD MAJOR NABORS,PATTI
EMMA BETTY AND JAMIE JEFFREY PRIETO,EMMA BETTY
GEORGE CLARENCE AND THOMAS IRENE BETHUNE,GEORGE CLARENCE
DELORES CHRISTINE AND JAMES LOSEKE,DELORES CHRISTINE JAMES LOSEKE
MARY BETTY FINNEGAN AND COLONEL WARREN STAVROPOULOS,MARY BETTY FINNEGAN WARREN STAVROPOULOS
ROSS FUQUA AND JEANNETTE CHAPMAN,ROSS FUQUA CHAPMAN
DEVONA KATHERYN AND DOUGLAS MICHAEL MOHAMMAD,DEVONA KATHERYN MICHAEL MOHAMMAD
PHYLLIS JOYCE AND ROBERT CAMPBELL,PHYLLIS JOYCE CAMPBELL
CLARISSA LAURA AND RONNIE RUDOLPH DEGRANDIS,CLARISSA LAURA
JACQUELINE BARBARA RODRIGUEZ AND ALFREDO ROBERT CLARK,JACQUELINE BARBARA RODRIGUEZ
MARILYN MAUREEN AND KEVIN LARRY SALAZAR ADKIN,MARILYN MAUREEN SALAZAR ADKIN
CLARK DAVIES AND ROSEMARY GENEVA MARION ROTH,CLARK DAVIES ROTH
MARK BENNY STREBY AND LINDA HANNAH HAMMITT,MARK BENNY STREBY
NORMAN HARRY AND CATHERINE TOMMY,NORMAN HARRY
SANDRA AND MARC MANIGAN,SANDRA
EUGENE AND WALKER BRADFORD,EUGENE WALKER BRADFORD
ASHLEY SOLEDAD AND DOMINICK MARLIN HEHN,ASHLEY SOLEDAD
AMY TARA WHITE AND WILLIAMS TERRY RIEGER,AMY TARA WHITE
ADAM AND CAROL SONIA GARCIA,ADAM GARCIA
GISELE AND JENNIFER HEFFERNAN KANE,GISELE KANE
BROWN AND WARREN JEFFREY KARAS,BROWN
CHERYL MARGARET PAGE AND HUMBERTO CHAMBERS CAPLAN,CHERYL MARGARET PAGE
FELIX CARL AND LARRY JEREMIAH MARTINEZ,FELIX CARL MARTINEZ
ROBERT GLENN AND REVEREND ANGELA WOODS,ROBERT GLENN
JENNIFER AND ALBERT JOHNSON,JENNIFER JOHNSON
CHARLIE SEAN AND SUSAN PATERSON,CHARLIE SEAN
FISHER LARRY SIMMONS AND GEORGE TIMMERBERG,FISHER LARRY SIMMONS
GLADYS KATHLEEN AND EMANUEL BRADLY AMAYA,GLADYS KATHLEEN
DEUTSCH PATRICK LIPP AND GARCIA CRYSTAL WILSON,DEUTSCH PATRICK LIPP WILSON
CHRISTOPHER DAVID AND PURA ANNABELL PENA,CHRISTOPHER DAVID
CAROLEE TERESA AND ROBERT THADDEUS BRUNER,CAROLEE TERESA
JUDY POLLY ROBINSON VOGEL AND VIOLET JERRY,JUDY POLLY ROBINSON VOGEL
STEPHANIE LISA AND GEORGE HOLLENBACK,STEPHANIE LISA GEORGE HOLLENBACK
CHARLES FRANCES AND HEATHER WENNINGER,CHARLES FRANCES
MARIO FRANCIS AND JANA BEATRICE HILL,MARIO FRANCIS
DONNA BURNETT AND WILLIAM RICHARD WRIGLEY,DONNA BURNETT
NICOLAS TOMMY BURNS AND ARIANE KATHLEEN ROOT,NICOLAS TOMMY BURNS
MARY PATRICIA AND DAVID JORDAN BADER,MARY PATRICIA JORDAN BADER
ELOUISE STEPHANIE WEBER AND KEVIN GARRETT DRYER,ELOUISE STEPHANIE WEBER
LORENE DOLORES AND JAMES RADTKE,LORENE DOLORES JAMES RADTKE
RENITA AND JERRY ESTORGA,RENITA
ALYSSA COOPER AND REX RICKY RICE,ALYSSA COOPER
REGINA MASTERJOHN LEE AND ELIZABETH ALLISON BRENDA,REGINA MASTERJOHN LEE
DANIEL ALTON AND SUSAN TRUDGEON PLEASANTS,DANIEL ALTON
SUSAN CATHERINE AND ALLEN JAGER JEAN,SUSAN CATHERINE
CHRISTOPHER HARRY AND PATRICIA MAUDE RUSZKOWSKI,CHRISTOPHER HARRY
ANDREW RANDY JERRY AND MEGAN JIA STOCK,ANDREW RANDY JERRY
TIFFANY JOAN WATERS AND RONALD STOPERA,TIFFANY JOAN WATERS
RUTH LILA AND JOHN MICHAEL WADE,RUTH LILA MICHAEL WADE
ANTOINETTE TAVIS AND AL JASON CONDIT,ANTOINETTE TAVIS
RIVERA AND CLAYTON JOSEPH HOLNESS,RIVERA
CHAD LEVY AND JEWEL JOYCE ZETTLE,CHAD LEVY
JULIO AND CINDY LINDA DICKSON,JULIO DICKSON
JUNKO NGO FINK AND WILBERT STRINGER,JUNKO NGO FINK
BARBARA LUTZ AND DAVID MAY,BARBARA LUTZ DAVID MAY
MARK COOK AND NICK BRYAN,MARK COOK
JEANNE RUIZ AND DEXTER MASON MERCADO,JEANNE RUIZ
CELIA AND STEPHEN ALISA,CELIA
SUNG BRENDA AND GERALD HUBRED STEADMAN,SUNG BRENDA
NIKKI GRAY AND KELLY RONALD GRILLO,NIKKI GRAY
DWIGHT FLOYD AND DOROTHY COLCLOUGH,DWIGHT FLOYD
JOHN RICHARD VAZQUEZRAMIREZ AND IRIS FLORENCE LADY,JOHN RICHARD VAZQUEZRAMIREZ
MAJOR PEGGY ROWLEY AND ZACHARY MARK STALLING,MAJOR PEGGY ROWLEY
ANDY JAMES AND TERRY JULIA SPREADBURY,ANDY JAMES
ALDEN CARL AND SONIA SZCZEPANEK,ALDEN CARL
JENNIFER AND JOSHUA RAYMOND RODRIGUEZ,JENNIFER RAYMOND RODRIGUEZ
MICHELLE GERALDINE PLAKE AND ANDREW WALLACE GOSSELIN,MICHELLE GERALDINE PLAKE WALLACE GOSSELIN
LORETTA CYNTHIA AND WALTER POWELL,LORETTA CYNTHIA WALTER POWELL
IRENE GUYETTE AND ROSA LORENE GUAN,IRENE GUYETTE
CHARLES RAFAEL AND MARY LOUISE GONZALEZ,CHARLES RAFAEL GONZALEZ
ROBERT MICHAEL AND WENDY HARTWIG,ROBERT MICHAEL
LAWRENCE AND JOHANNA ROSALES CHAU,LAWRENCE
SUSAN AND JOHN FERNANDEZ,SUSAN FERNANDEZ
JUDITH DARLA NUNN AND RANDY ROMINES,JUDITH DARLA NUNN
ERNEST TIMOTHY KHALAF AND COURTNEY MARTA MYLER,ERNEST TIMOTHY KHALAF
JOSE STEVEN AND LEANN CINDY VOSBURGH,JOSE STEVEN
DOREEN EVELYN AND SHAW JOSEPH SUTTER WOODMAN,DOREEN EVELYN
RUTH TROIA AND GEORGE BRIAN PELLETIER TWOMEY,RUTH TROIA
ALINE MILAGRO COTI AND RICHARD JAMES DANIEL,ALINE MILAGRO COTI JAMES DANIEL
ULYSSES ROGER AND CATHERINE SENSENIG,ULYSSES ROGER
LAWERENCE THOMAS AND PATRICIA STROMAN,LAWERENCE THOMAS
BRUNELLE KELLY AND JO SUE HOOVER YOUNG,BRUNELLE KELLY
PATRICIA BARRANCO AND NICK EDWARD GENTRY,PATRICIA BARRANCO GENTRY
MARTHA BREEDING SINGHAL AND BOBBY ANDRE DOMINGUEZ,MARTHA BREEDING SINGHAL DOMINGUEZ
RUSSELL WALTER AND CARLEEN BEAUDIN TISDALE,RUSSELL WALTER
KIA EDNA BETTS AND ERNEST QUINNEY,KIA EDNA BETTS
CHARLOTTE LINDA HELMS AND GLENN ANTONIO KELSEY,CHARLOTTE LINDA HELMS
ROBERT KENNETH AND JAMES PEREZ QUINN,ROBERT KENNETH PEREZ QUINN
ASSIL AND HELEN MARILYN WHITE STEWART,ASSIL WHITE STEWART
FELICIA MILDRED AND MARVIN SCOTT REDMOND,FELICIA MILDRED SCOTT REDMOND
LISA MOORE AND JOE CHEATUM,LISA MOORE
MAJOR RICKIE MARVIN INGRAM AND SARAH ROSALIE WANG KRAMER,MAJOR RICKIE MARVIN INGRAM
VERONICA RAY AND DARRELL ROBERTO MARTIN,VERONICA RAY
KINNEY ELEANOR AND MARCUS CHARLES ANTHONY,KINNEY ELEANOR CHARLES ANTHONY
BARBARA SHILA AND JEFFERY KEVIN HERCHENRODER,BARBARA SHILA
TERRY ANDREW AND WILLIAM ALEGADO,TERRY ANDREW
DREAMA GUIDISH AND PARTLOW CHACON,DREAMA GUIDISH
RITA AND JASON PARIS CABE,RITA
CURTIS AND MAXIE PATRICIA MILLS,CURTIS
DAVID WADE AND DONNA GERTRUDE HERRERA,DAVID WADE
NICOLE AND ANDREW ADRIAN TENBRINK,NICOLE
LAUREN AND TYLER WELLS,LAUREN TYLER WELLS
HAZEL LYDIA AND ESTRELLA CHARLES MOYA,HAZEL LYDIA CHARLES MOYA
RANDALL CHARLES AND NANCY LOPEZ,RANDALL CHARLES
ASHLEY ROBERT AND FELICIA CHANTEL DEANGELO,ASHLEY ROBERT
REVEREND HOSEA AND BETTY VLAHOS,REVEREND HOSEA
CODY DAVID AND BERNICE RACHEL RODRIGUEZ,CODY DAVID
ROBERTS AND MARLENE HOLLY GRIFFIN,ROBERTS
BARBARA GOODGAME AND JOE KRISTOPHER FERNANDEZ,BARBARA GOODGAME FERNANDEZ
STACEY TOWNSEND LEWIS WENDELKEN AND DEREK RICHARD ALVAREZ,STACEY TOWNSEND LEWIS WENDELKEN RICHARD ALVAREZ
KELLOGG ANGELA AND ARLENE BRENDA HUSKIE,KELLOGG ANGELA
HARRY AND MORENO OLLIE ANDERSON,HARRY ANDERSON
ARACELI CATHY AND JAMES BERRY,ARACELI CATHY JAMES BERRY
BILLY CASEY CARTER AND LUCY MONTGOMERY,BILLY CASEY CARTER
JOSEPH MARTINEZ TAKASE AND LETA THOMAS SAMAYOA,JOSEPH MARTINEZ TAKASE THOMAS SAMAYOA
SARAH JUANITA GANT AND TRAVIS GOLDBERG,SARAH JUANITA GANT TRAVIS GOLDBERG
HENRY BRIAN BROSNAN HANSON AND TAMATHA BATISTE,HENRY BRIAN BROSNAN HANSON
JANET SALIM AND KEVIN GREGORY SNYDER,JANET SALIM GREGORY SNYDER
JEFF DWIGHT AND YVONNE FARMER MAYORGA,JEFF DWIGHT FARMER MAYORGA
SYLVIA THELMA SMITH AND JAMES JEREMY JAMI,SYLVIA THELMA SMITH
KERRY AND MAURA NELLIE OCAMPO MCCRACKEN,KERRY
MARIA DONNA WOOD AND EUGENE LORENZO,MARIA DONNA WOOD
JOSHUA MICHAEL AND SARAH CRYSTAL MAZZOLA,JOSHUA MICHAEL
PAULETTE EDITH AND CAROLINE DOLLY HUDDLESTON,PAULETTE EDITH
JOSEPH MCGRATH AND ANGELITA MARY BRADLEY,JOSEPH MCGRATH BRADLEY
SONYA AND HERSCHEL PIROLO,SONYA
RAYMOND WASSON AND DIAMOND BERRY,RAYMOND WASSON BERRY
THOMAS JORGE AND KALA HALL,THOMAS JORGE HALL
JAMES BERNARD AND DEDRA MOZELLE SERRETT,JAMES BERNARD
DONNA ALMARAZ AND VAUGHN JULIAN AMANDA,DONNA ALMARAZ
ROCKY NATHAN AND SUSAN WILLIAM,ROCKY NATHAN
BETHANY AND DAVID HUNT,BETHANY DAVID HUNT
ROBERT JOSEPH AND SAMANTHA JENNIFER MCRAE,ROBERT JOSEPH
MICHAEL STANLEY ALLEN STEWART AND LOUIS MIRANDA,MICHAEL STANLEY ALLEN STEWART
FLORENCE DIXIE AND RICHARD MUELLER,FLORENCE DIXIE RICHARD MUELLER
VICTORIA AND ROBERT KUBIK,VICTORIA
BRITTANY MISTI AND WILLCOX BERKELEY,BRITTANY MISTI
ERIC OREN AND VERSIE LENORE AMANDA,ERIC OREN
GEIGER NGUYEN AND CARMEN BESSIE BRENDA,GEIGER NGUYEN
ROBIN DIANE ESTEP AND JAMES JOSHUA EBBERT,ROBIN DIANE ESTEP
SONJA SHANNON AND ROBERT THATCHER,SONJA SHANNON
MICHAEL DAVID AND RUTH NANCY JOLENE,MICHAEL DAVID
TONY RODRIGUEZ AND CHRISTY MARY AVALOS,TONY RODRIGUEZ
ECKERT AND LOMBAS JOSEPH CHAPMAN BURGESS,ECKERT CHAPMAN BURGESS
DANA LORRAINE STENDER AND CARROLL KENNETH HILL,DANA LORRAINE STENDER HILL
ALEXANDRA MARQUEZ AND COSME ALAN TU,ALEXANDRA MARQUEZ
JAMES WALLY CRUZ AND KELLY ANA DAVIS,JAMES WALLY CRUZ
ADOLPH TIMMY AND ELIZABETH POITRA,ADOLPH TIMMY
JANE AND ROY JOHN LUCAS,JANE LUCAS
HARRY AND LAURA FRITH,HARRY
DAVID ONEAL AND SHEILA STEPHANIE LOE,DAVID ONEAL
AUBREY CARLOS AND JACQUELINE LYLES,AUBREY CARLOS
AMANDA ALVAREZ AND DOUGLAS HAROLD SIMON,AMANDA ALVAREZ
PHILIP JIMMIE AND JUSTIN RONNIE DAY,PHILIP JIMMIE DAY
PATRICK AND BENNIE REBECCA HWANG,PATRICK
HARRIET HUDSON AND ROGER MIGUEL GERRY,HARRIET HUDSON
STEPHEN ROBERT AND STEPHANIE CYNTHIA BECHTEL,STEPHEN ROBERT
CHANDRA SAVANNAH AND RITA ADELAIDE MOREIN,CHANDRA SAVANNAH
KATIE CORINNE GILMORE AND WALTER ANTONIO TAIT,KATIE CORINNE GILMORE
HAALAND ELDON AND TRESSIE LEWTER,HAALAND ELDON
ROBERT AND MELISSA SONIA BECKER,ROBERT BECKER
CHARLES HARRIS AND ANN LYONS,CHARLES HARRIS
MERRILL JAMES TADLOCK AND ERICA TAYLOR,MERRILL JAMES TADLOCK TAYLOR
JOHN LARRY AND CLARA SYLVIA BAER,JOHN LARRY
BRADLEY AND KATHERINE POLING,BRADLEY
FREDERICK HOLMAN WILLIAMSON VESCI AND ROGER MICHAEL HINMAN,FREDERICK HOLMAN WILLIAMSON VESCI MICHAEL HINMAN
KATHLEEN AND MONTE RONALD ADAMS,KATHLEEN ADAMS
ROSA AND CURTIS GERALD,ROSA CURTIS GERALD
MASON RONALD BURTON AND JOI DELFINA BARNETTE,MASON RONALD BURTON
SHAUN AND COLONEL SUSAN CHRISTINE FRANCIS,SHAUN FRANCIS
WILLIAM BRIAN AND PROFESSOR ALLISON JULIA LEWIS,WILLIAM BRIAN LEWIS
ERICA JANELLE AND LAWRENCE WOOD,ERICA JANELLE LAWRENCE WOOD
LAURA LAREDO ARRIGO AND CHRISTOPHER PETER SANDERSON,LAURA LAREDO ARRIGO
ANDREW AND SANDRA BEVERLY AGUILAR,ANDREW AGUILAR
CAROL EILEEN AND KEN FRANCIS JOYA,CAROL EILEEN FRANCIS JOYA
JOHNNY AND ROBERTA MORRIS,JOHNNY MORRIS
SCHMIDT AND JAIME STINSON,SCHMIDT
BRUCE AND SHIRLEY OSTDIEK,BRUCE
KENDAL CHRISTINE AND DAMICO WILLIE ABDI,KENDAL CHRISTINE
SPRINKLE NICHOL WHISLER AND ALEJANDRO WITT,SPRINKLE NICHOL WHISLER
BALLENGER AND JAMAL MURRIETTA,BALLENGER
FANNIE AND DIEGO JOHN CARMACK,FANNIE
AARON ROBERT LEE AND LILLIAN CLAYTON,AARON ROBERT LEE
COLONEL RICHARD DOMINIC LEAH AND HARRIS BARKER,COLONEL RICHARD DOMINIC LEAH HARRIS BARKER
STEPHEN MICHAEL AND ROSALIE JOE,STEPHEN MICHAEL
MARIA AND CHARLES HUTCHISON,MARIA CHARLES HUTCHISON
GEOFFREY MARC AND MINNIE THERESA SNIDER NOLL,GEOFFREY MARC
FRANCES AND PATRICIA ESCALONA,FRANCES
SAMMY LELAND AND ARLENE CARLSON,SAMMY LELAND CARLSON
VANESSA BINDER AND HENRY ALAN WEI JOHNSON,VANESSA BINDER JOHNSON
ROSALINA JONES AND ANTHONY CONLEY,ROSALINA JONES
ANDREW AND MARTHA CANDY SANTOS MENDOZA,ANDREW SANTOS MENDOZA
EVA DEBORAH KLECZKOWSKI HELLER AND WILLARD ROBERTS PIZZO,EVA DEBORAH KLECZKOWSKI HELLER ROBERTS PIZZO
DEBRA AND ROBERT LAWRENCE,DEBRA LAWRENCE
CATHERINE ARMSTEAD AND JOHN HARVEY,CATHERINE ARMSTEAD HARVEY
PEARL BASS AND PATRICK NICOLAS TATE,PEARL BASS
CELIA AND KERRY TROY NGUYEN,CELIA NGUYEN
ROGER FALK AND MARY KATHRYN HUFF,ROGER FALK HUFF
IMOGENE CALLIE ROBICHAUX CAMPBELL AND BYRON JERRY CHILDRESS,IMOGENE CALLIE ROBICHAUX CAMPBELL
RUBY AND BARRINGER JOSEPH ADEBAYO,RUBY JOSEPH ADEBAYO
RAYMOND PHILLIP AND SONYA CLARK FASON,RAYMOND PHILLIP CLARK FASON
JACOBY WILLIAM AND PAMELA SCHROEDER,JACOBY WILLIAM SCHROEDER
DANIEL RICARDO AND ANN SHERRY HENSON,DANIEL RICARDO HENSON
HERRICK AND REGINA STELLA BIGGS,HERRICK
PETER BRANDON LEWIS AND TINA CATHERINE GONZALEZ,PETER BRANDON LEWIS
CHARLES LAWRENCE GARNER AND CHAVARRIA CHURCH,CHARLES LAWRENCE GARNER
PHILLIP AND RACHELLE ROBERT,PHILLIP
JOAN MCALEER AND ARCHIE FRED DOROTHY,JOAN MCALEER
RONALD JAMES VOSS AND LEITER KIMBELL,RONALD JAMES VOSS
LEIGH ROBERT AND LISA BHATIA BURTON,LEIGH ROBERT BURTON
MCMAHAN AND BRIAN SIGLEY,MCMAHAN
MARION MELLISSA AND JON ROBERT FOX,MARION MELLISSA FOX
ROBERT JOSE AND CLARKE HARRIET MCLAUGHLIN,ROBERT JOSE MCLAUGHLIN
TIFFANI AND JEREMY COOK PHAM,TIFFANI COOK PHAM
MITCHELL CHARLES AND JAMI KATHERINE LAMBERT,MITCHELL CHARLES
GREGORY MICHAEL AND JUN RIVERA,GREGORY MICHAEL
JAMES WILLIAM CLEO AND GLADYS JACKIE DEJESUS PASTOR,JAMES WILLIAM CLEO DEJESUS PASTOR
JAMES AND ALICIA GWEN,JAMES
HARRIS JOSEPHINE AND PEDRO ROBINSON,HARRIS JOSEPHINE ROBINSON
ROBERT JAMES AND REISINGER MARK TOEBE,ROBERT JAMES
MARCELENE VIOLA AND DAVID MCNAIR,MARCELENE VIOLA DAVID MCNAIR
GLORIA HELEN AND WILBERT ANTONIO CUSTODIO,GLORIA HELEN
MCDOWELL FORREST AND DAWN JESTER,MCDOWELL FORREST
MARK AND ELIZABETH MARY JOSE,MARK
SHELDON JAMES AND SYLVIA THELMA ROBIN,SHELDON JAMES
HARRISON FELICIA AND BRADLEY VASQUEZ,HARRISON FELICIA BRADLEY VASQUEZ
DIANNE MITCHELL AND PHYLLIS PETERSON GRAHAM,DIANNE MITCHELL
GARCIA AND DANIEL MELVIN PAUL RENNER,GARCIA
MARGARITA AND MARY FLORENCE HOLLIDAY,MARGARITA
JENE CECILIA AND CLAUDE JACOB ECKERT,JENE CECILIA
DARRIN RONNIE AND HEATHER HELEN GERSHON,DARRIN RONNIE
LISA MARIA AND PROFESSOR PAUL WILLIAM MENTZ,LISA MARIA
RYAN AND DEBORAH JENNIFER DAWSON,RYAN
JODY DENISE AND REVEREND LARRY BRYANT KLINE,JODY DENISE BRYANT KLINE
CLINTON AND JOYCE CHRISTINE DANIELS,CLINTON DANIELS
SUZANNE TIFFANY AND LIEVANOS WALKER,SUZANNE TIFFANY WALKER
IMOGENE GARCIA SILVERMAN AND JONATHAN MCMURTRY,IMOGENE GARCIA SILVERMAN
GRACE BECKY AND PETER MICHAEL LAHR,GRACE BECKY MICHAEL LAHR
MICHELE ANTONIA AND ARTHUR COPLIN VALENCIA,MICHELE ANTONIA VALENCIA
PATRICK AND LEROY RICHARD LOBERGER,PATRICK
RICHARD WALTER AND CASSANDRA MARY SHAH,RICHARD WALTER
KENNA LYDIA AND BERT LARRY JOHNSON,KENNA LYDIA JOHNSON
KELLY AND TORY CARROLL MCCULLOH,KELLY
THOMAS CRUZ AND JAMES HAMAMI,THOMAS CRUZ
CHARLES DENIS AND JOHNNIE ANGELA HARRIS,CHARLES DENIS HARRIS
MARIE ADA AND FIELDS DANA ODOM PARK,MARIE ADA ODOM PARK
WILLIAM IRA ROBERTS SLAUGHTER AND EUNICE AGNES MOORE,WILLIAM IRA ROBERTS SLAUGHTER MOORE
SILER EDWARDS AND WILLIE KEITH BROOKS,SILER EDWARDS
FLORA AND GENE WEST,FLORA WEST
MELISSA AND TERRY KEVIN HARRIS,MELISSA HARRIS
AMANDA BILLIE PERRY AND DEREK LOPRESTI,AMANDA BILLIE PERRY
BERGER INOCENCIA AND TIMOTHY KEPHART VANIER,BERGER INOCENCIA
SANDRA KAREN AND CHARLES LEONARD NAVARRO,SANDRA KAREN LEONARD NAVARRO
CALVIN SUAREZ AND DEBORAH PAULA ROPE DUGAS,CALVIN SUAREZ
TENA FRANCO AND DAVID RADEMACHER,TENA FRANCO
ISRAEL FUENTES AND ELLEN EMA PAYNE,ISRAEL FUENTES
TODD AND FREIDA JOHNSON,TODD
JEAN AND RONALD CHARLES CONDRY,JEAN CHARLES CONDRY
DARREN MARCOS AND HALL SIMMONS HEATH,DARREN MARCOS SIMMONS HEATH
MARJORIE AND DENNIS BOLIVAR PRESCOTT,MARJORIE
GRACE HEIDI AND HELEN DEJESUS OH,GRACE HEIDI DEJESUS OH
CYNTHIA SHARON CHARLES AND WILLIAM DWAYNE RIZZA,CYNTHIA SHARON CHARLES
MARC DUSTIN AND SANDRA MOON,MARC DUSTIN MOON
DEBORAH JESSIE AND RAUL GREGORY WULF,DEBORAH JESSIE GREGORY WULF
DAVID RICHARD AND DOROTHY RACHEL FISCHER,DAVID RICHARD
ANN ELENA MILES AND CHARLES JESS LEE,ANN ELENA MILES
KATHERINE TIMS AND RENATE ROSELLA PENDLETON,KATHERINE TIMS
PAUL JOHN AND DONNA THOMAS,PAUL JOHN THOMAS
TROY MICHAEL AND HELEN MURPHY,TROY MICHAEL
CAROLE POPOWSKI AND PATRICK GERARD BRUNEAU,CAROLE POPOWSKI
AMANDA AND WILLIAM STEVEN,AMANDA
JOSEPH JESUS AND KIMBERLY PATRICE AGUILERA,JOSEPH JESUS
MIKE JEREMY CHRISTIANS AND LINDA ENGLISH,MIKE JEREMY CHRISTIANS ENGLISH
SCHUCK LIONEL AND BONNIE GREGORY RUSSELL,SCHUCK LIONEL GREGORY RUSSELL
JAMAL WALTER DURANSO AND STEPHANIE FINGER EMELANDER,JAMAL WALTER DURANSO
OBRIEN SHARON AND CARRO RICHARD LOCKETT,OBRIEN SHARON RICHARD LOCKETT
HICKOK AND PETRA COLE,HICKOK COLE
ROWE PAMELA AND FRANK SODERSTROM,ROWE PAMELA FRANK SODERSTROM
FISCHER AND NORMA SANCHEZ,FISCHER
MARGARET AND JASON MOORHOUSE BIGGS,MARGARET
RUDOLF TIMOTHY AND BRENDA MEI GLASCOTT,RUDOLF TIMOTHY
MELIA WILEY AND GRACE RHODA ROBINSON,MELIA WILEY
BRANDON AND FISHPAW POSTLE,BRANDON
VELMA HAPTONSTALL AND ROMEO FRED JONES YEO,VELMA HAPTONSTALL JONES YEO
SARAH JESSICA AND JAVIER HENNING,SARAH JESSICA
REVEREND JOAN PATRICIA AND ANTONIO ANTONIO,REVEREND JOAN PATRICIA
FERRO AND MABEL SHAVERS,FERRO
CECIL JOSEPH AND JENNIFER MCDONALD ATKIN,CECIL JOSEPH
YVETTE HENRIETTA SOLIZ AND EDGAR RIOS,YVETTE HENRIETTA SOLIZ RIOS
KENDALL AND RUTH SCHRIMSHER,KENDALL
COURTNEY GARLAND AND MILDRED BONNIE CALVERT,COURTNEY GARLAND
STANLEY JOSE BAKSH AND PEACH CONSUELO COLE,STANLEY JOSE BAKSH COLE
FRANK AGUSTIN AND RACHEL DESTINY DELAROSA,FRANK AGUSTIN DELAROSA
DANIEL MARK TOWNSEND AND RODNEY LOPEZ,DANIEL MARK TOWNSEND
JESSICA CYNTHIA AND JEFFREY BRIAN BURNETT,JESSICA CYNTHIA BURNETT
MURIEL MIKKI AND ROBERT RICKY VIVIAN,MURIEL MIKKI
ANNA REBECCA AND TIMOTHY TED HAMBY CONNER,ANNA REBECCA CONNER
WALTER AND JULIE SHELIA DIAZ,WALTER
JANET RITA AND GARY MYERS ROQUE,JANET RITA MYERS ROQUE
THOMAS STATELER AND SARA BETTY GILBERT,THOMAS STATELER GILBERT
DAVE AND ETHEL HIDALGO PYRON,DAVE
RUDY AND CLARICE MICHELLE WAKEFIELD,RUDY
LOURDES BRITTANY AND COLONEL JAMES ALVIN LENIHAN,LOURDES BRITTANY
DONALD STEVE AND TORI VERA ALLISON,DONALD STEVE ALLISON
STEVEN WHITTAKER AND SIERRA FUJIOKA,STEVEN WHITTAKER SIERRA FUJIOKA
CARRINO QUINN AND FRANK KEVIN,CARRINO QUINN
JOSHUA DANIEL AND JUANITA ABERNETHY,JOSHUA DANIEL
VIRGIL ANTONIO AND ELLEN MARGARET CARROTHERS,VIRGIL ANTONIO
PEARL AND ARTHUR PHILIP CLYDE,PEARL
KIMBERLY AND SHANE SMITH,KIMBERLY SMITH
JASON KEITH AND LYNN MARTHA WELCH,JASON KEITH
VERA AND JOSEPH KEVIN WEBER,VERA WEBER
HELEN SUSAN AND HUGO CREIGHTON,HELEN SUSAN
TIA GAUBATZ AND DOCTOR ADAM HUBERT GREER,TIA GAUBATZ GREER
KELLY LUCY AND DOCTOR ANGEL COREY,KELLY LUCY
SERRANO ASHLEY AND JONATHAN MORTON,SERRANO ASHLEY
GARY MARC COX AND THERESE GRACE CASTRO,GARY MARC COX
MICHAEL JAMES AND BETTIE MASCOLO,MICHAEL JAMES
RACHEL AND JOHN WILLIAM HERNANDEZ,RACHEL HERNANDEZ
DANIEL ANTHONY AND DIANE HILL,DANIEL ANTHONY
EVANS PATRICIA NGUYEN AND JASON MOONEY,EVANS PATRICIA NGUYEN
THOMAS CHARLES AND MICHAEL EDWARD WILKINS,THOMAS CHARLES
ARLA AND ROBERT JAMES WOODS,ARLA JAMES WOODS
RUBEN ROBERT AND SHAWNA CRUM,RUBEN ROBERT
NICHOLAS DWAYNE LANDAU AND SANDRA WEBBER,NICHOLAS DWAYNE LANDAU
HENSON CAROL AND RAY EDWARD PEARSON,HENSON CAROL PEARSON
RONDA AND ROBERT KEITH POULLARD,RONDA KEITH POULLARD
GRISEL JOSEFINA AND STRAYER JERRY KUTCHER,GRISEL JOSEFINA
LABRE JESSE AND ISABEL BUSTOS SLOAN,LABRE JESSE SLOAN
JAMES SCOTT AND BOWEN JESSMER,JAMES SCOTT
FREDERIC ALVIN AZCONA AND BECKY DEMPSEY,FREDERIC ALVIN AZCONA
BARBARA ROBERTA AND KYLE KENNETH SCHEFFLER,BARBARA ROBERTA
JAMES AND MARTHA AURORA JOHNSON,JAMES
PATRICIA WHITE AND ANDRES DEWEY DODD,PATRICIA WHITE
EILEEN HICKS THIESSEN AND ANTHONY DANIEL BROWN,EILEEN HICKS THIESSEN DANIEL BROWN
WHITNEY AND JOHN KENNETH,WHITNEY
BIESE AND KATHERINE SUSAN BARNHILL,BIESE
MARGARET KIMBERLY AND EDNA RUTH HILL,MARGARET KIMBERLY HILL
ESTHER MARJORIE JAY AND DWIGHT HERNANDEZ HALEY,ESTHER MARJORIE JAY HERNANDEZ HALEY
NANCY LAURI AND KEVIN DARRELL WOOD NOLEN,NANCY LAURI WOOD NOLEN
GERRY AND RECIO ERIC PEREIRA,GERRY
CAROLE ALICE AND RYAN AL WATSON,CAROLE ALICE WATSON
ETHEL BROUILLETTE AND JOHN MICHAEL ROSS,ETHEL BROUILLETTE MICHAEL ROSS
LIDA AND FRANCISCO FRANK SCOTT,LIDA FRANK SCOTT
JEANNE NELL JOHNSON AND CARRILLO PUORRO,JEANNE NELL JOHNSON
JAMES ROY FLECHTNER AND CONNIE RUTH YESENIA,JAMES ROY FLECHTNER
DANIEL FOSTER AND LORI TYLER SWARTZ,DANIEL FOSTER
CHRISTIE GLADYS AND DAVID RHODE,CHRISTIE GLADYS DAVID RHODE
FLOYD WILLIAM AND JANICE LAUREL MOULTON,FLOYD WILLIAM
FELIX LEONARD ARMSTEAD AND JEANNIE JEAN HATCH,FELIX LEONARD ARMSTEAD
POLING LINDA AND DAMIAN JEFFREY MCHENRY,POLING LINDA
JANAE DIANE AND ERNEST CHERNE,JANAE DIANE
DOUG JAMES AND JAMIE TANA MOHEBBI,DOUG JAMES
NORMAN SARGENT AND LILLIAN RODRIGES DAVIS,NORMAN SARGENT DAVIS
TODD AND NAOMI STRAND,TODD
PATRICIA ANNETTE HAIR AND CHARLES RALPH GILBERT,PATRICIA ANNETTE HAIR GILBERT
THOMAS SCOVILL AND THOMAS RICK CONNIE,THOMAS SCOVILL
SANDRA RUEDAS AND MARC CARLOS WISNIEWSKI,SANDRA RUEDAS
GLEN DONALD AND SHELLY FAYE PEOPLES,GLEN DONALD
HOMER AND CAROL RIVERA,HOMER RIVERA
EARL AND BACK CARRION HOLBROOK,EARL
THEODORE JONATHAN KLEMPAY AND SHIRLEY SHARMA,THEODORE JONATHAN KLEMPAY
JAMES MALEK AND OLMEDO MICHELLE EADES,JAMES MALEK
ARMSTRONG CARL MCALLISTER AND SARAH SUSAN WELDON,ARMSTRONG CARL MCALLISTER
MARIE AND JAVIER SACKIN,MARIE
CAROLIN HAZEL YOUNG AND JEREMY ALLEN COE,CAROLIN HAZEL YOUNG
SUE AND BOBBY MARK CALDERON PELUSO,SUE CALDERON PELUSO
JOYCE ENEDINA AND ROBERT STERLING BISHOP,JOYCE ENEDINA BISHOP
ERIN MILDRED AND WILLARD KACZMAREK,ERIN MILDRED
HAWKINS AND MATTHEW BARNES,HAWKINS
LINDA MOLLY AND JON ELLIS,LINDA MOLLY ELLIS
COLEMAN AND PAULINE WILLIAMS ZIELKE,COLEMAN
DANIEL JAMES AND BRENDA DIANE ENGH,DANIEL JAMES
WENDY AND RAYNA KATHY DUBON TAM,WENDY
PAMELA TARA AND HOLLIS DAVID CLEMENTE ROSALYN,PAMELA TARA
MICHEAL LYLE AND LISA JENI PLOWMAN,MICHEAL LYLE
SANKEY JULIAN GIGAX AND YEE OLSEN SAYASANE,SANKEY JULIAN GIGAX OLSEN SAYASANE
DAVID AND BOBBY HANCOCK,DAVID
ERIC VELOZO AND RAE ALBERT PHYLLIS,ERIC VELOZO
SARAH AND KYLE ERNEST DAME LAGUNA,SARAH
CHRISTOPHER AND RACHEL AUDREY ANDERSON,CHRISTOPHER ANDERSON
MAXINE JUDITH AND EDDIE HERBERT ANDERSON,MAXINE JUDITH ANDERSON
BRIAN AND RACHEL POWELL,BRIAN POWELL
VINCENT AND MARY ELLA CLARK,VINCENT
SUSAN BLANCA AND DONALD REAGOR,SUSAN BLANCA
GEORGE AND RICHTER SHERRI RUNDIO ALBINO,GEORGE
MARY AND JOHN LIN,MARY LIN
WERNER MILDRED AND DENNIS JAMES SURBER,WERNER MILDRED JAMES SURBER
PATRICK AND NATALIE GAMEZ,PATRICK
CHRISTINA BAKER AND KING LYLE HESTER,CHRISTINA BAKER
FRANK DARIUS AND JAMIE JOYCE BLACK,FRANK DARIUS BLACK
DEMARANVILLE JAMES AND SONIA SANDOVAL FAIRWEATHER,DEMARANVILLE JAMES
ALYSSA AND JOHN DEMETRIUS DORSEY,ALYSSA DORSEY
CLAIRE AND JOHN JERRY MCGRATH CARD,CLAIRE
AMBER KATHARINE GONZALEZ AND VICTOR MICHAEL SMITH,AMBER KATHARINE GONZALEZ
NANCY MARTHA EVANS AND DERRICK GERALD MCDONALD,NANCY MARTHA EVANS
JOE HAROLD AND ARLENE CASSANOVA,JOE HAROLD
PRISCILLA AND BERNICE KATHLEEN CAMPBELL,PRISCILLA CAMPBELL
GLEN BRAD CHAPUT AND MICHELLE DOROTHY READY,GLEN BRAD CHAPUT
HOLLIS SHARP AND MARTIN DAVIS RUSSELL,HOLLIS SHARP
JONES SUSAN RADER AND JOSHUA WAKEFIELD,JONES SUSAN RADER
CHARLES MATTHEW TRUMAN AND COLLEEN MUIR,CHARLES MATTHEW TRUMAN
COLONEL ALICE DELILAH AND MAJOR CHUMLEY,COLONEL ALICE DELILAH
MARCIA MARGARET GUERRERO ASHER AND ROBERT ERIC DENNIS,MARCIA MARGARET GUERRERO ASHER DENNIS
JOSEPH PHAN AND MAJOR ELIZABETH DECAMP HENDERSON,JOSEPH PHAN
MAJOR IRENE EVIE AND MICHAEL BANDYK,MAJOR IRENE EVIE MICHAEL BANDYK
DAISY ANDERSON AND MICHAEL BLEVINS,DAISY ANDERSON
MARY AND JAMES MIGUEL SANTIAGO,MARY SANTIAGO
KEVIN DAVID GORNEY AND EVON WADE,KEVIN DAVID GORNEY WADE
KAREN HOLLAND AND JOHN EAGLESON,KAREN HOLLAND
KEVIN AND MARGARET POWELL,KEVIN POWELL
WESLEY CHRISTOPHER AND SALLY PEREZ,WESLEY CHRISTOPHER PEREZ
CAROL ANN AND ENGEL FRANCISCO MULLINS,CAROL ANN MULLINS
GROVES VINCENT AND BRACK MARKS,GROVES VINCENT
KAREN BOBBIE AND ROGER CHARLES MINDLIN,KAREN BOBBIE CHARLES MINDLIN
EDDIE GRANT AND CARLOS RANDY LEPONE,EDDIE GRANT
JAMES ROBERT AND LETICIA BERMUDEZ,JAMES ROBERT
ALAN ROBERT AND GOLDIE CLARA JACOBSEN,ALAN ROBERT
DEMETRIA AND KEITH JESUS NG,DEMETRIA
ALMA AND WILLIAM GANTZ,ALMA
RAY AND DEBORAH PALACIO,RAY
CAROL BROWN AND PRATT EVELYN,CAROL BROWN
GERALDINE CAROLYN AND FEDERICO CLARENCE LUNA,GERALDINE CAROLYN LUNA
JOHNNY KURT AND EVERETT SANFILIPPO,JOHNNY KURT EVERETT SANFILIPPO
MARGARET THELMA HESS AND ALBERT FARRELL,MARGARET THELMA HESS
JONELL LAURIE AND WILLIAM BECKSTEIN MONTGOMERY,JONELL LAURIE MONTGOMERY
PAULA AND THOMAS FREDDIE ROLLO,PAULA
STUART AND CAMILLE NICOLE DOUGLAS,STUART
SHIRLEY AND SHEILA BARBARA PALOMO,SHIRLEY
MICHAEL AND SHARON MARLO JETER,MICHAEL
ANDREW NATHANIEL AND SUSAN CRUMPLEY,ANDREW NATHANIEL
DOUGLAS MAHAFFEY AND ANNIE VICTORIA CANADA,DOUGLAS MAHAFFEY
TRACI IRIS BRANDON AND RONALD OSCAR STEWART,TRACI IRIS BRANDON STEWART
JOE AND BARBARA KRISTEN PUTNAM VEST,JOE
RYAN AND BRENDA HALL,RYAN
ROSE SANDRA AND CORNELIUS JAMES GRIFFIN,ROSE SANDRA JAMES GRIFFIN
CAROL BRENDA AND CHUCK DAN LEE,CAROL BRENDA LEE
KINNISON AND KATHY FRANKS,KINNISON
JEAN AND ANGEL SHIRLEY GUTIERREZ,JEAN GUTIERREZ
MICHEAL RICHARD PATRICIO AND COLONEL MARGARET SHELLEY PIOTROWSKI,MICHEAL RICHARD PATRICIO
SANDRA AND HERBERT MICHEL FARRENS,SANDRA
RUDY MARK SIERRA AND GLADYS AMY HEATHER,RUDY MARK SIERRA
BRANDON ZUMBRUN AND MARGARET LORI CLEMENT,BRANDON ZUMBRUN
ROSENKRANZ NOLA BAGGETT AND EDDIE HEINRICH,ROSENKRANZ NOLA BAGGETT
MCVAY AND SHANNON WHITE,MCVAY SHANNON WHITE
DOROTHY HAMM MONTES AND ANDRES JUAN US,DOROTHY HAMM MONTES
KAREN RIMA BOYCE AND PAUL JOHN STEPHANIE,KAREN RIMA BOYCE
JAMES AND ROBERT MICHAEL FUNG,JAMES
IGNACIO AND KATHLEEN GATEWOOD BURKE,IGNACIO BURKE
KATHERINE MARY AND JASON POEL JOHNSON,KATHERINE MARY JOHNSON
VICTOR SAMUEL AND JONES DORIS SIMANDL,VICTOR SAMUEL
JENNIFER TABATHA AND OTIS TONY HURD,JENNIFER TABATHA
ANITA ALICE AND JULIO JAMES AGUILAR,ANITA ALICE JAMES AGUILAR
MATTHEW TONY STAUFFER AND KATHLEEN LUCY MULLIGAN,MATTHEW TONY STAUFFER
KEVIN DANIEL ADAME AND COLONEL CHARLOTTE SYVERTSON,KEVIN DANIEL ADAME
FRANCES LINDA MCCONNELL AND ROBERT MCNAUGHTON,FRANCES LINDA MCCONNELL
RAY BONNICK AND JEANNE LESTER STEVE,RAY BONNICK LESTER STEVE
KEITH JONATHAN AND TRACY ROMO,KEITH JONATHAN
FITZGERALD JACOB AND KIMBERLY AYDIN,FITZGERALD JACOB
DUANE DARRYL AND RONALD ELLIOTT,DUANE DARRYL ELLIOTT
CRYSTAL ZOLLINGER AND SAMUEL GARRISON,CRYSTAL ZOLLINGER GARRISON
MARK ROBERT AND LELA PHYLLIS CARLA,MARK ROBERT
MICHAEL AND MARY BARBARA TECCA,MICHAEL
JOE AND OSCAR JAMES LIM,JOE JAMES LIM
REINA BRENDA AND DIANA LISA WILES,REINA BRENDA
HENTON AND DANIELLE JOANN BORJA,HENTON
ELIZABETH MARTHA AND SHAKIR AUSTIN MORALES JUSTIN,ELIZABETH MARTHA MORALES JUSTIN
PETER HARRY AND WIMMER KRISTEN CONWAY,PETER HARRY CONWAY
EVERETT AND TIMOTHY ALEJANDRO SANTIAGO,EVERETT
DAVID AND DONNA CARMEN WARREN,DAVID
FRANK ERIC AND ALICE RITA SKELDON,FRANK ERIC
HAIL JOANNE AND WILLARD HOWARD PETERSON,HAIL JOANNE HOWARD PETERSON
CALVIN DELANCY AND MELANIE MANCINI,CALVIN DELANCY
MALIK BRANDEN SALMONS AND SHIRLEY ALMA GARTLAND,MALIK BRANDEN SALMONS
ELIZABETH MARTHA AND JOSEPH CARLOS FRIER COLEMAN,ELIZABETH MARTHA COLEMAN
PATRICIA SUSAN DELPH AND LISA EDNA GOLON,PATRICIA SUSAN DELPH
CARY BENNIE MELTON AND RANA HYACINTH NGUYEN,CARY BENNIE MELTON
AMANDA MARYANN AND DAY WILLIS,AMANDA MARYANN DAY WILLIS
LORI AND GUSTAVO MARK OBRYAN,LORI
JENNY AND ELVIN CONNER,JENNY CONNER
LOUIS AND JOSEPH RAUL BACON,LOUIS
REVEREND PELLETT MICHAEL AND KRUEGER FRANCES KAPOOR HOTALING,REVEREND PELLETT MICHAEL
MARCUS GOBLE GALASKA AND DULCE GARCIA,MARCUS GOBLE GALASKA GARCIA
ANNE AND JAMES ANTHONY YOGI,ANNE ANTHONY YOGI
EDWIN DANIEL AND AMANDA TRACY CROSE,EDWIN DANIEL
DOMINGUEZ PRISCILLA AND MARK WILSON,DOMINGUEZ PRISCILLA WILSON
GEORGE FRIESE AND LYNDA JONES,GEORGE FRIESE JONES
MANIN AND JAMAL DAVID HERRICK,MANIN DAVID HERRICK
LEONA IRENE AND WILLARD GREG KEELEY,LEONA IRENE
CHERYL BARROS AND CHRISTOPHER WILLIAM LEMKE GARCIA,CHERYL BARROS GARCIA
LILY JEWEL COATL AND JORGE NILES,LILY JEWEL COATL
CECIL RODNEY SPERRY AND MARY JACLYN,CECIL RODNEY SPERRY
TAGGART WOJTYNA AND ROBERT JOSEPH HUNTER,TAGGART WOJTYNA JOSEPH HUNTER
BRANDON MURRAY AND VIRGINIA MARY GATLING,BRANDON MURRAY
BRIAN AND MACKAY MARGARET ROSAN,BRIAN
ANGELA ODESSA AND MARGARET CAROL BOWEN,ANGELA ODESSA BOWEN
SANDY SONYA AND VIRGIL MCMULLEN,SANDY SONYA
BENJAMIN AND CONNIE GAMBLE,BENJAMIN
JOYCE AND TIMOTHY RICHARD,JOYCE RICHARD
RANDALL AND MARSHA LESEBERG,RANDALL
JEFF AND CARLA MELENDEZ,JEFF MELENDEZ
MARYLEE RUTH AND ROBERT GENTRY POLAK,MARYLEE RUTH GENTRY POLAK
DANTE MARTINS AND HEATHER RIDNER JOHNSON,DANTE MARTINS JOHNSON
BEN PRESTON AND MARY IMOGENE BOWEN,BEN PRESTON
SANCHEZ GLORIA WADE AND RODRIGUEZ LAURA CHASE,SANCHEZ GLORIA WADE
ZAMBRANO AND SHERI ASHLEY IVANS,ZAMBRANO ASHLEY IVANS
EDWARD RICARDO AND GERTRUDE MEEHAN,EDWARD RICARDO
JOHN AND ROBINS KHAN CARBALLO,JOHN KHAN CARBALLO
JOHN RICHARD AND ANNIE PATRICK,JOHN RICHARD
NANCY GERTRUDE AND FARADAY DON ROTH DUGAN,NANCY GERTRUDE ROTH DUGAN
CASEY ANTHONY BODIFORD PEREZ AND ELIZABETH SANDRA JAMES,CASEY ANTHONY BODIFORD PEREZ
MICHAEL JULIA TARANGO AND KENNETH THOMAS HANNA,MICHAEL JULIA TARANGO THOMAS HANNA
BRENT MEYERS AND SHARON ANNA THIGPEN,BRENT MEYERS
PRICE VARA AND DAVID CHAING,PRICE VARA DAVID CHAING
JENNIFER MARDEN AND NORA KELLISON,JENNIFER MARDEN
EILEEN CHARITY AND RAYMOND SMITH,EILEEN CHARITY RAYMOND SMITH
CARRIE HOUSKA AND WILLIAM RICHARD PETIT,CARRIE HOUSKA RICHARD PETIT
TRENT MICHAEL VILLANUEVA AND CHRISTINE BAKER,TRENT MICHAEL VILLANUEVA
LITA AND VICTOR PAWLOWSKI BOWEN GUERRA,LITA BOWEN GUERRA
JOSEPH RICHARD HOLTZMAN AND GEORGIA RENEE HALL,JOSEPH RICHARD HOLTZMAN HALL
MYRON JIMMIE AND DUGAN PAUL MADIE,MYRON JIMMIE PAUL MADIE
NATHAN AND SHELBY ANITA KRAMER,NATHAN KRAMER
BEATRICE VIRGINIA MORGAN AND BRANDON MARIO TOPETE,BEATRICE VIRGINIA MORGAN
HECHT HENDERSON TANNER AND WELCH HE,HECHT HENDERSON TANNER
JOHN DANIEL AND KRISTIN DEBORAH HERNANDEC,JOHN DANIEL
LINDA DEBORAH AND JAMES THOMAS FREEDMAN SALVACION,LINDA DEBORAH
GLENNA JOAN BAKSH AMANDA AND COLONEL MEDLIN CHURCH,GLENNA JOAN BAKSH AMANDA CHURCH
RUSSELL FRED AND JOANN BERYL ESTRADA,RUSSELL FRED ESTRADA
AMANDA AND JACOB JONES,AMANDA JONES
MICHAEL JAY AND MAUREEN MISTY WRIGHT,MICHAEL JAY WRIGHT
DANIEL AND MADELINE ELL GARVIN,DANIEL
ROBERT AND BRENDA JOAN HARRIS HANCOCK,ROBERT HARRIS HANCOCK
DARRELL DAMBROSIO AND JACK SCHWEMIN,DARRELL DAMBROSIO
JANISE PEGGY AND KEVIN CHARLES MOORE,JANISE PEGGY CHARLES MOORE
ROMERO AND GERALD MICHAEL CUNNINGHAM,ROMERO
WASHINGTON JAMES AND GLENDA SUSAN FIGUEROA,WASHINGTON JAMES
KATHERINE MARIA AND SPENCE EDGAR RACHEL,KATHERINE MARIA
LUCAS BRETT AND LOUISE THERESA BARRETT,LUCAS BRETT BARRETT
TIMOTHY LIBENSON TAPPIN AND PATRICIA CHARLOTTE BASS,TIMOTHY LIBENSON TAPPIN BASS
ANNA EDNA CUNHA AND CHARLES MARSHALL KAREN,ANNA EDNA CUNHA MARSHALL KAREN
FLORA AND WADE HASSON,FLORA WADE HASSON
DIANE ROBIN AND RONNIE STACY GONZALEZ SAUNDERS,DIANE ROBIN GONZALEZ SAUNDERS
THOMAS JAMES AND JENNIFER NICHOLS,THOMAS JAMES
PEGGY YU MARTHA AND RICHARD LEE,PEGGY YU MARTHA RICHARD LEE
ALLEN MCCOY AND MANA REYES EDMONDS TREMBA,ALLEN MCCOY
DIANE GUYNN AND BROWN MELISSA MILLER,DIANE GUYNN MILLER
CUNNINGHAM MARGARET AND ADAM WRIGHT DIMASCIO,CUNNINGHAM MARGARET WRIGHT DIMASCIO
STEVEN AND MEGAN SICA,STEVEN
JEAN AND DAN THOMAS COGBURN,JEAN THOMAS COGBURN
EVELYN CARTER AND JUSTIN ERIKA,EVELYN CARTER
HENRY AND ANNA CHEN,HENRY
EDWIN GREGORY SODERBERG CARPENTER AND VICKIE CLARK,EDWIN GREGORY SODERBERG CARPENTER
ROBERT AND KRISTIN MARTINO,ROBERT
KYLE SHANE AND CARA JUSTICE DUDEK,KYLE SHANE
ANTONIO THOMAS AND MARY MARYANN HERNDON,ANTONIO THOMAS
LINDA SHANNON AND GEORGE HAROLD VARNADORE,LINDA SHANNON
TERESA AND RONNIE WILLIAM CONTI,TERESA
GRAHAM AND ANNA CALLIHAN,GRAHAM
MARCUS AND POLLOCK CASTRO,MARCUS CASTRO
PENNY AND POLLNOW ESCOBEDO,PENNY
JESSICA VANBUREN HEAPS AND PATRICK JOSEPH SCOTT,JESSICA VANBUREN HEAPS JOSEPH SCOTT
THOMAS VANLOON AND SCARPITTI STEWART,THOMAS VANLOON STEWART
SARA AND JAMES JONATHAN SHRIVER,SARA
TAMMI AND SANCHEZ JOE LEROY ROTH,TAMMI ROTH
MICHELLE AND PETER MARSHALL,MICHELLE MARSHALL
DENNIS CHESTER JACKSON AND BETTY MANNEN,DENNIS CHESTER JACKSON
GAIL WEN AND SAMUEL MIKE CRAIG,GAIL WEN CRAIG
EULALIA PANITCH AND ARTHUR CHAD MARTIN,EULALIA PANITCH MARTIN
MARY AND DEREK MARK CANO,MARY CANO
DOROTHY KARLA VEIGA AND MARAGRET COOK,DOROTHY KARLA VEIGA COOK
STEPHANIE AND MICHAEL RUSSELL JUAREZ,STEPHANIE RUSSELL JUAREZ
ROSEMARY HICKS AND JOSEPH BRYON CHANDLER,ROSEMARY HICKS
ANGIE AND EUGENE JOSHUA BARRAGAN,ANGIE
BRITTANY LORETTA AND MARIA CYNTHIA WOODS MATTHEW,BRITTANY LORETTA WOODS MATTHEW
ALBERT JAMES ROSE AND CONSTANCE GALE BOYT,ALBERT JAMES ROSE
JAZMIN AND JUAN DENNIS HUNT,JAZMIN DENNIS HUNT
KENNETH RILEY AND JOSEPH MARTIN,KENNETH RILEY
GORDON CLARENCE COLLIFLOWER DENNY AND KIMBERLY LINDA MANION,GORDON CLARENCE COLLIFLOWER DENNY
PHAN AND PROFESSOR JOHNNY STANTON,PHAN
DOTTIE LEONARDA PARISH AND KENNETH WINKLER,DOTTIE LEONARDA PARISH
RHONDA LISA MATTHEW AND SMART ROBERT HONG,RHONDA LISA MATTHEW
CHRISTINE DAVIS AND THOMAS JERRY DEYOUNG,CHRISTINE DAVIS
TIMOTHY ROBERT WILLIS AND MYRNA CANTRELL,TIMOTHY ROBERT WILLIS
DEAN AND TIFFANY GOEDKEN,DEAN
JOSEPHINE AND DAVID SIMONE,JOSEPHINE DAVID SIMONE
CARRIE AND CYNTHIA AMY DAWSON,CARRIE DAWSON
TERRY ROBERT AND LYDIA DENISE SOTH,TERRY ROBERT
TRAVIS JOHN AND ANGLE MCKISSICK,TRAVIS JOHN
LILLIAN SARAH AND PROFESSOR MIKE DERRICK MUSSER,LILLIAN SARAH
ALBERT MINCH AND LINDA PRINS,ALBERT MINCH
LISA FRAZIER AND DAWN DAVIS COJON,LISA FRAZIER
KIMBERLY AND TAYLOR FLAMENCO,KIMBERLY TAYLOR FLAMENCO
HUYNH IN AND JOHN TOD DOUGHTY,HUYNH IN
CHRISTI MARTHA AND BRUCE GARLAND GRIMM,CHRISTI MARTHA
SMITH JUSTIN AND EVA HEATH JAMERSON,SMITH JUSTIN HEATH JAMERSON
ALICE KIMBERLEY AND STEVE BRIAN CLARK,ALICE KIMBERLEY CLARK
DOUGLAS AND PHARMS MORSE VAUGHN BLASER,DOUGLAS
YENNIE AND MARY ROSA FLECKNER,YENNIE
SCOTT PAUL AND JOSHUA DEENA GAUTHIER,SCOTT PAUL
BRIAN GILBERTO AND ELAINE MCCULLOUGH,BRIAN GILBERTO MCCULLOUGH
LARRY WILLIAM AND MARY RUTH FLETCHER,LARRY WILLIAM FLETCHER
JOHN AND DOROTHY BEVERLY BURGESS,JOHN BURGESS
JOHN JAMES LEWIS AND MARTY RAY MARTINEZ,JOHN JAMES LEWIS
TIFFANY JENNIFER AND DONALD CLARK,TIFFANY JENNIFER CLARK
ANDREW DONALD MARSH AND SANDRA MARCIA PALMER,ANDREW DONALD MARSH
ARMSTRONG LANGAN CHANEY AND JOHN RAYMOND ROY,ARMSTRONG LANGAN CHANEY RAYMOND ROY
ROZELLA VALERIE PATTMAN AND ANNA FRESHOUR,ROZELLA VALERIE PATTMAN
MARCUS SIDDIQUI KOWALL AND GWENDOLYN NORRIS,MARCUS SIDDIQUI KOWALL NORRIS
ARTURO BROWN AND CINDY MARY BAYNE,ARTURO BROWN
ANA NORMA DAVIS AND DOCTOR RONALD SPEIGEL YUNGA,ANA NORMA DAVIS
RIVERA CRIBBS DANIEL AND BRITTANY WALSH,RIVERA CRIBBS DANIEL
MARILYN FOSTER MEYER AND RAYMOND DONALD LEWIS,MARILYN FOSTER MEYER
HAWK CRYSTAL AND BRIAN LARRY THAKKER,HAWK CRYSTAL
SHARON NANNIE AKENS AND ROY WILLIAM KIM PADEN,SHARON NANNIE AKENS KIM PADEN
PATRICIA AND CHARLES SANDERS,PATRICIA CHARLES SANDERS
LEWIS MIYAZAKI AND MCCOY GERALDINE TROYER,LEWIS MIYAZAKI
ROBERT MANRIQUEZ AND VALERIE DELGADO,ROBERT MANRIQUEZ DELGADO
WILLARD HECTOR AND PATRICIA CAROLYN MCARTOR,WILLARD HECTOR
STEPHANIE VICKI ALBRECHT CUMMINS AND MICHAEL IVAN OSCAR,STEPHANIE VICKI ALBRECHT CUMMINS
GLENN AND HELEN ELYSE HUMPHRIES,GLENN
DONALD MIRANDA AND PEGGY STACY SELLERS,DONALD MIRANDA
DANIEL TERRANCE AND MARISSA VICKI GRATZER,DANIEL TERRANCE
DRYLIE MICHELLE AND DOMINIQUE JAMES GONZALES,DRYLIE MICHELLE JAMES GONZALES
ADRIAN AND SUSAN PATRICIA SHAUNA,ADRIAN
LUANN SUN AND WM CORNELL ABIDIN RAINWATER,LUANN SUN
ISMAEL AND BARBARA HEATHER KNOTT,ISMAEL
NANCY BARBRA AND EDWIN DANIEL BOWMAN,NANCY BARBRA DANIEL BOWMAN
CLARK PETER WENDLE AND DAVIS NICHOLE CASTRO,CLARK PETER WENDLE CASTRO
LIDIA LYNDA AND PATRICK WIRICK,LIDIA LYNDA PATRICK WIRICK
SHANE XIONG AND ALEXIA SAVANNAH BOYD TOY,SHANE XIONG
HECTOR TROY AND OSCAR MARLON BALTODANO,HECTOR TROY
FRED CARLOS AND KATHY DAVIS,FRED CARLOS DAVIS
ERIC WILLIAM AND NANCY HEATHER BRISTOL,ERIC WILLIAM
GEORGE FELIX AND DEBORA INGRID ANGELA,GEORGE FELIX
BERTHA KRISTA AND JOHN HICKS,BERTHA KRISTA HICKS
WILLIE AND MARY OLIS RIVERA,WILLIE RIVERA
GRANT COLEMAN AND BRENDA CORDOVA HOLLIDAY,GRANT COLEMAN
THOMAS NICHOLAS AND NITA TIPPS,THOMAS NICHOLAS
ERNEST RAWDON AND LOPEZ JULIE SALES,ERNEST RAWDON
DOCTOR CARL AND PALS DWAYNE TROTSKY,DOCTOR CARL
PREWITT AND LEON BROOKS,PREWITT LEON BROOKS
LOUISE AND JOHN ALICEA,LOUISE
RYAN CARLOS AND JOHN STEVEN PEREZ,RYAN CARLOS PEREZ
BRETT MENDIVIL AND FRANCES TEMPEL HEEBNER,BRETT MENDIVIL
NORMAN CARLOS AND SHELIA JANE BRITZ,NORMAN CARLOS
VICKY LUCY AND DRAKE CHARLES JONES DALTON,VICKY LUCY JONES DALTON
DOROTHY KINNEE AND EDWARD WALLER TORRES,DOROTHY KINNEE WALLER TORRES
ALMOND MEDINA AND GREGORY RODRIGUEZ,ALMOND MEDINA
MINNIE MELISSA AND DANIEL KENNETH STONER,MINNIE MELISSA
AMY KATHLEEN AND WILLIAM CHAVEZ,AMY KATHLEEN CHAVEZ
ELIZABETH DOROTHY SANTOSUOSSO AND ODIS GUGLER,ELIZABETH DOROTHY SANTOSUOSSO
ROBBIE JOY AND ANDREW MARCUS WILLIE,ROBBIE JOY
SANCHEZ BARRY AND MILDRED BRENDA SHETH,SANCHEZ BARRY
AMANDA AND JESUS COOK RODRIGUEZ,AMANDA COOK RODRIGUEZ
GERRY CHRISTOPHER VERGELDEDIOS AND GONZALEZ DOROTHY IBARRA,GERRY CHRISTOPHER VERGELDEDIOS IBARRA
MAJOR KURT VIRGIL AND FRANK DUSTIN SMITH,MAJOR KURT VIRGIL SMITH
ANGELA AND RICHARD OSIER,ANGELA RICHARD OSIER
VINCENT AND PAULETTE HAMBLIN,VINCENT
COLLEEN HAMMOND SIMEONA AND RICHARD HAROLD ARMENTA,COLLEEN HAMMOND SIMEONA
BEULAH LINDA AND PETER BRIAN DUNN,BEULAH LINDA DUNN
JOHN NOLTE AND SUZANNE SOUTHERLAND,JOHN NOLTE
JEFFERY AND SOPHIA MARY ETHEL,JEFFERY
LEE DICOSMO AND CALVIN ROBERT REESE,LEE DICOSMO REESE
ELENA BEVERLY AND JOHN JENKINS,ELENA BEVERLY JENKINS
AARON ANDREW BEYENE AND PAUL LEHMAN,AARON ANDREW BEYENE PAUL LEHMAN
RUTH POWELL AND KENNETH LAM FLORES,RUTH POWELL
DENNIS AND JAMES BOURNE,DENNIS
JAMES JOESPH SILBERMAN AND JESSICA DENISE MICHAEL,JAMES JOESPH SILBERMAN MICHAEL
DOCTOR MIRIAM SCHUMACHER AND WILLIAM ROBERT PEOPLES,DOCTOR MIRIAM SCHUMACHER
VANDENBERG ROESENER AND BODIE DUDLEY,VANDENBERG ROESENER DUDLEY
KIMBERLY AND MICHAEL RALPH HARANG,KIMBERLY
ROBERT DALE AND MAUREEN BARNES,ROBERT DALE BARNES
JODIE ANGELA AND JOSEPH MASOUDI PAGE,JODIE ANGELA PAGE
PAM BARBARA AND NATALIA THOMPSON,PAM BARBARA THOMPSON
SUSAN CHELSEY AND RICHARD HABERKERN,SUSAN CHELSEY RICHARD HABERKERN
MARIE GLOVER AND JOHN JEFFREY MCKILLIP,MARIE GLOVER
MARGARET FLORENCE AND DONALD STEVEN GIRARD LOMBARDI,MARGARET FLORENCE
JUAN BRYAN AND DEBRA BYRNE,JUAN BRYAN
REBECCA AND EDWARD STEPHEN CATHY,REBECCA
KIMBERLY HILL AND CAROLYN HADAWAY,KIMBERLY HILL
DAVID ANTIONE AND JENNIFER LAW CHERYL NOVEMBER,DAVID ANTIONE
JAMES DAVID AND JESSICA JAQUELINE MAZZIE,JAMES DAVID
GUADALUPE AND LEDENT ANDREW BROWN,GUADALUPE BROWN
DOERING AND MOORE ANDRES MAKIN,DOERING
BETTY AND MICHAEL CASE,BETTY MICHAEL CASE
ALONZO AND JENNY DOROTHY MYERS,ALONZO MYERS
JOY KATIE AND LEONARD HOWARD,JOY KATIE LEONARD HOWARD
ISABEL AND ROBERT JAMES MALAK,ISABEL JAMES MALAK
SARA ROBIN AND STEVEN TOM HENLEY,SARA ROBIN
ANDREW AND KELLY EVELYN CARMEN,ANDREW
STEPHEN SWANSON AND BEATRICE HAWKINS KETNER,STEPHEN SWANSON
LIANNE MARIE AND THOMAS ERNEST OWNBY,LIANNE MARIE
DOUGLAS CLAUDIO MILLER AND RUTH SANDRA MOCK,DOUGLAS CLAUDIO MILLER
KEVIN AND TONI SHAYNE ROSALES,KEVIN ROSALES
WALTER AND RETTA BARRALES,WALTER
SHAWN HOMER AND MANUELA LOVATO LOPEZ,SHAWN HOMER LOPEZ
JOHN WHITE AND MUI BLOODGOOD,JOHN WHITE
BEATRICE AND DAVID DOMINGO WHITLOCK,BEATRICE
REBEKAH BEVERLY FERGUSON AND GEORGE JOHN LUCE,REBEKAH BEVERLY FERGUSON
GARCIA GREGORY AND GLADYS KELLEY MASON,GARCIA GREGORY
VICTORIA SHERRY TJOELKER AND RYAN KANAK,VICTORIA SHERRY TJOELKER RYAN KANAK
KEVIN AND PATTY VICTORIA CLARK HENDRIX,KEVIN CLARK HENDRIX
PEREZ KELLY AND PETER GORDON BENNETT FUQUA,PEREZ KELLY
GRINE AND CECIL DANIELLE BUNCH,GRINE
ARIANA SYLVIA AND AARON HOLLEY,ARIANA SYLVIA
AARON AND JOSHUA ANTHONY WILSON,AARON ANTHONY WILSON
SERRANO CONRAD EVANS AND PEGGY SAFINA,SERRANO CONRAD EVANS
WENDY RUTH TIFFANY AND VIRGINIA LEANNE SHAFFER,WENDY RUTH TIFFANY SHAFFER
JESSICA AND MILDRED MONA JONES,JESSICA JONES
PARKER BRIAN AND CATHERINE POLLOCK,PARKER BRIAN
MARSHALL JOSE AND JACK DENNIS TURNER,MARSHALL JOSE DENNIS TURNER
CAROLYN AND MATTHEW SLAUGHTER,CAROLYN
MARIE GREENE AND ALFRED EMILE LANGDON,MARIE GREENE
FULLER ANDREW RUBINO AND CHRISTINE CHARLAND,FULLER ANDREW RUBINO
DARLENE MELISSA AND GEORGE HENRY JULES,DARLENE MELISSA HENRY JULES
CARLA VAUGHN AND NATHANIEL STEVEN SASHER,CARLA VAUGHN
CHARLES WILLIAM MORIMOTO BO AND MARGARET REILLY JOSIE,CHARLES WILLIAM MORIMOTO BO REILLY JOSIE
TIMOTHY CHARLES AND FELICIA BEDNARCZYK,TIMOTHY CHARLES
CHOI JULES JONES AND JAN KATHLEEN RUTH ALFREDA,CHOI JULES JONES
JOHN AND ROSANNA LISA VATH,JOHN
ANDERSON WILLIAM AND ANNABELL VUONG,ANDERSON WILLIAM
ADRIANE BRENDA AND DENNIS NICHOLAS KNEPPER,ADRIANE BRENDA
ISAIAH ELMER AND HEATHER RITA ARMOUR,ISAIAH ELMER
AMANDA ROBIN AND ETHEL PATRICIA EDENS,AMANDA ROBIN
MARY DIANA AND DOMINICK COREY PAIRE,MARY DIANA
OSCAR ERIC AND CYNTHIA ELY SCHMIT,OSCAR ERIC
MILDRED ELIZABETH AND GLENDA CINDY HINKLE,MILDRED ELIZABETH
MAGGIE AND PROFESSOR ERIC KOHL,MAGGIE
BRANDY AND NICOLAS TIMOTHY TYRE,BRANDY
KATHRYN CRAWFORD AND WILLIE JOHNATHON HAMILTON,KATHRYN CRAWFORD
JUDY AND THOMAS JASON DILLON,JUDY DILLON
BENJAMIN WILLIAM AND GRACE CANDACE MONTOYA,BENJAMIN WILLIAM MONTOYA
JERRY SCOTT SANDLIN AND WILLIAMS PATRICIA GIBBS,JERRY SCOTT SANDLIN GIBBS
ROBERTA LIBERTY AND JOSEPH CALFEE,ROBERTA LIBERTY JOSEPH CALFEE
MARTHA ELVA SLATER MOORE AND BRAIN MENARD BESHAH,MARTHA ELVA SLATER MOORE
JOHN JEREMIAH AND DENISE JOY ANDRZEJEWSKI,JOHN JEREMIAH
ROBERT KENNETH AND JEFFREY KEITH FITE,ROBERT KENNETH KEITH FITE
EMILY AND MARQUIS REYES,EMILY REYES
DEBORAH AND BENJAMIN MANUEL NERIO,DEBORAH
JARED HULBERT AND CONWAY SIU MILLER,JARED HULBERT MILLER
AMY THERESA FULTON AND USHA FRANCES SMITH,AMY THERESA FULTON SMITH
MELVIN AND CRISTINA HARRILL,MELVIN
DEBRA SHARON AND SEAN MEJIA,DEBRA SHARON MEJIA
GLORIA AND GARY THOMAS NGUYEN,GLORIA THOMAS NGUYEN
EDWARD DON AND FRANKIE LOUISE GENSER,EDWARD DON
ELEANOR WHEELER COLL AND JOHN PAUL PARADIS,ELEANOR WHEELER COLL PAUL PARADIS
LESLEY SHANNON AND AUSTIN CASALINO,LESLEY SHANNON
JAMES LEONARD AND IDA KARLA,JAMES LEONARD
LONNIE AND BONNIE MARIA VANDYKE,LONNIE
LEANN TINA DIAZ AND ROY MOLES,LEANN TINA DIAZ
THELMA JENNIFER AND JOSEPH CARL WALKER,THELMA JENNIFER WALKER
WILLIAM AND MOREL AMANDA CALDWELL,WILLIAM CALDWELL
DAVID CHARLES AND EDNA JANICE KOST CHESTER,DAVID CHARLES
CARMEN LUCILLE SIVILS AND MICHAEL ADAM SELKEN,CARMEN LUCILLE SIVILS
LUCILE TRUJILLO AND DANIEL POPE ELEY,LUCILE TRUJILLO
PATRICIA MARGARET WRIGHT AND OMAR CHARLES MORRISON,PATRICIA MARGARET WRIGHT
MYRTLE MEGAN BROOKER AND GLADYS WILCHER,MYRTLE MEGAN BROOKER
ENNIS GEORGE AND BRENDA BURKE,ENNIS GEORGE
SHAWNA KATHRYN CRUZ WRIGHT AND WILLIAM COMUNALE,SHAWNA KATHRYN CRUZ WRIGHT
JOSE BELLERIVE AND AMY BUTLER STEIN,JOSE BELLERIVE BUTLER STEIN
KRISTIE CYNTHIA AND TOMMY GUDINO JAMES,KRISTIE CYNTHIA JAMES
KING AND RAY EASON HILL,KING
RUSSELL EDWARD AND DERRICK STEVE CATES,RUSSELL EDWARD
HELEN MARY AND ROBERT NICHOLAS CLARENCE,HELEN MARY
LINDA AND ARTHUR ALAN ASHER,LINDA
JORDAN EMMANUEL AND LORRAINE MARIE,JORDAN EMMANUEL
SHELLEY TABITHA LUCK AND KEITH NORMAN,SHELLEY TABITHA LUCK KEITH NORMAN
JACK TYSON AND JOAN JOE SWEETSER,JACK TYSON
SONJA JAMI WISNER AND GERARD GUERRA,SONJA JAMI WISNER GUERRA
ROBERTO LUU AND DORIS JANET SWEENEY,ROBERTO LUU SWEENEY
MILDRED MARTHA AND BROWN ZIELINSKI VANDERFORD,MILDRED MARTHA
JOANNE EMILY AND JON SCOTT BEUTZ,JOANNE EMILY SCOTT BEUTZ
STROBECK AND AGNES MARY EDDLEMAN,STROBECK
JENNIFER DONNA DOUGHERTY AND NATAL SANDEN,JENNIFER DONNA DOUGHERTY
HENRY LEBARON AND JOSEPH BAXTER,HENRY LEBARON JOSEPH BAXTER
DUANE AND LOIS JANIS WISE,DUANE WISE
MONIQUE AND ARTURO GARY KOONCE,MONIQUE
STEPHANIE CHRISTAL AND JUSTIN LOUIS BELTRAN,STEPHANIE CHRISTAL BELTRAN
PROFESSOR YVONNE VENUS AND BRANDON LESTER GRACIA MARGARITA,PROFESSOR YVONNE VENUS
RHONDA AND WILLIAM MATTHEW FRISK,RHONDA
TRIGO DAVID AND VONDERHEIDE PLUMMER,TRIGO DAVID
MARTIN AND EMILY LUKASIEWICZ,MARTIN
RONALD MCGRAW AND KAREN LIBBY FLAMINI,RONALD MCGRAW
DALE AND PAULINE MILLER,DALE MILLER
HAROLD JOSEPH AND CHRISTINE SCHIPANI SWAIM,HAROLD JOSEPH
TERRY MICHAEL AND DOROTHY JEROME,TERRY MICHAEL
MAXINE BRITTENY ISACSON AND HOWARD JOHNSON,MAXINE BRITTENY ISACSON HOWARD JOHNSON
TONY CEDRICK AND OVERCASH DELGADO,TONY CEDRICK DELGADO
ADAM AND THOMAS PERALES,ADAM THOMAS PERALES
LAWRENCE THOMAS AND PATRICIA LICKTEIG,LAWRENCE THOMAS
DAMIEN DUANE AND BARBARA CONTRATTO,DAMIEN DUANE
MARVIN JOHNNY ROWE AND PATRICIA WHITE,MARVIN JOHNNY ROWE
SCOTTY ROLAND YORK AND SANDRA PATRICIA BUTTON,SCOTTY ROLAND YORK
KEITH KEVIN AIDA AND RUBY VU CARRION,KEITH KEVIN AIDA VU CARRION
SALVADOR DANNY CLARK AND PATRICA VANESSA BECERRIL,SALVADOR DANNY CLARK
MAUREEN MELISSA AND ROBERT WILLIE BROWN,MAUREEN MELISSA BROWN
LEAH AND TIMOTHY GEORGE STENGEL,LEAH GEORGE STENGEL
BRIAN JASON AND BOBBY AMANDA MOATS,BRIAN JASON
JAMES DONALD MARENGO AND PATTY SAAVEDRA,JAMES DONALD MARENGO
GALVAN AND BANACH ERFORD,GALVAN
BRENDA BARBER AND DARNELL GEORGE URIBE,BRENDA BARBER
PHYLLIS AND JUSTIN WILLIAM DANIELS PHILLIPS,PHYLLIS DANIELS PHILLIPS
MAURICE HENRICI WILLIAMS AND KATHERINE KENDRA HINES,MAURICE HENRICI WILLIAMS
KEITH AND ROSA CARA PARRISH HOPP,KEITH
DANIEL JEROME AND DOROTHY OREILLY,DANIEL JEROME
KRISTI ANN AND LEE ZACHARY HUGHES,KRISTI ANN HUGHES
WELCH AND KIMBERLY NELSON,WELCH
ANGELICA GLASER AND ROGER TYLER VELA,ANGELICA GLASER TYLER VELA
MABEL ERIN AND NICOLAS BRIAN CARROLL HILL,MABEL ERIN CARROLL HILL
MICHAEL GORDON YOUNG AND AMBER ALEXANDRA MERCER,MICHAEL GORDON YOUNG
MARTIN JEROME AND HEATHER MICHELLE RACHEL,MARTIN JEROME
JOHN CHARLES AND OLLIE MUSTOE SAVE,JOHN CHARLES
SYLVIA BARBARA AND CORDERO DANIEL MARCOS,SYLVIA BARBARA DANIEL MARCOS
THERESA AND ROBERT COX,THERESA COX
DIANA DEBORA AND STEVEN PETERSON PRATT,DIANA DEBORA PETERSON PRATT
SHAWN SHERRY AND NITA MARY LOPEZ,SHAWN SHERRY LOPEZ
STEVE DAVID AND BARBARA SUSZEK,STEVE DAVID
LACY AND HOWARD DANIEL MARTINEZ,LACY DANIEL MARTINEZ
MARIE AND JOEL GERARDO KEENEY,MARIE
RICHARD ROBERT AND RACHEL BARBARA BRADLEY,RICHARD ROBERT BRADLEY
MITCHELL ANTONIO FARAH RADER AND LORI ELVIR,MITCHELL ANTONIO FARAH RADER
JOHN CALL AND JOAN STRENO,JOHN CALL
TYRONE BRAY AND LUANN NIXON,TYRONE BRAY NIXON
ANNE AND NANCY SANCHEZ,ANNE SANCHEZ
RONALD JOHN AND LIZZIE SALMERI,RONALD JOHN
MARGARET MILDRED FREEMAN MCLAUGHLIN AND ERICK STUART GOLDMAN,MARGARET MILDRED FREEMAN MCLAUGHLIN
REBBECCA AND WILMA DELLA,REBBECCA
DORIS LYNCH AND NATHAN TRAVIS HILL,DORIS LYNCH
BARBARA GAIL AND HATTAWAY CESAR ANDY,BARBARA GAIL
CHARLES LYNN FOREMAN AND THOMAS SZUMOWSKI,CHARLES LYNN FOREMAN THOMAS SZUMOWSKI
DOUGLAS AND ROSEMARY DIANNA,DOUGLAS
TERESA AND JEFF AUGUST JEREMY,TERESA
CRYSTAL CHELSEA AND JOHN RICHARD CHAD,CRYSTAL CHELSEA RICHARD CHAD
GEORGE GONDER AND ELVIRA KRYSTAL LESTER,GEORGE GONDER LESTER
IRMA LUCILLE AND PACE JOSE GURGANUS,IRMA LUCILLE
PAUL FRED AND PETER DAVID,PAUL FRED DAVID
VALERIE AND MOISES STALEY,VALERIE
LEROY AND MARTHA KATE EDWARDS,LEROY EDWARDS
RACHAEL SHARON HERNANDEZ POOLE AND KENNETH HANDLEY,RACHAEL SHARON HERNANDEZ POOLE
ANTHONY SERGIO OCEGUERA AND JENNIE JEDREY HIDALGO,ANTHONY SERGIO OCEGUERA
JOSEPH THADDEUS CANEZ AND CAROLYN WILLIAMS,JOSEPH THADDEUS CANEZ WILLIAMS
PATRICK WAYNE AND VANETTA HOPE,PATRICK WAYNE
ANN AND MICHEL DAVID DELVECCHIO,ANN DAVID DELVECCHIO
NANCY ROSE SANCHEZ AND THOMAS MEDINA,NANCY ROSE SANCHEZ
ALAN RON RUBIN FARRAR AND DOROTHY MARY HANKINSON,ALAN RON RUBIN FARRAR
DILLARD CYNTHIA AND MATTHEW HICKS,DILLARD CYNTHIA HICKS
JOHNSTON FRASCA AND RUSSELL DENISE WILLIS,JOHNSTON FRASCA WILLIS
MICHAEL AND TEODORA ELIZABETH PIRO,MICHAEL
MILLER NAZARIO PERRY AND PATRICIA DORA WILLIAMS,MILLER NAZARIO PERRY
MADISON AND DAVID SEPULVEDA,MADISON DAVID SEPULVEDA
LISA CATHERINE AND RICHARD MARVIN CASTILLO,LISA CATHERINE CASTILLO
MENA KEVIN AND BRET ROBERT KRUEP,MENA KEVIN
MIRIAM MYRA AND WILLIAM DANIEL LAROSE,MIRIAM MYRA DANIEL LAROSE
ELAINE JUDITH KEIPER AND GEORGE RANDY WALSH,ELAINE JUDITH KEIPER WALSH
RONALD ELLIS AND SHEILA WELLING,RONALD ELLIS
JOSHUA CURTIS WEITZMAN AND LORI CLAFLIN,JOSHUA CURTIS WEITZMAN
KIM HEATHER SABO AND JULIO MICHAEL LOMIBAO,KIM HEATHER SABO MICHAEL LOMIBAO
JOHN DWIGHT AND ELLA DONNA ALLEN,JOHN DWIGHT ALLEN
CATHY GAIL GAULT AND JAMES WINTERS,CATHY GAIL GAULT JAMES WINTERS
DOROTHY ANDREA AND CHARLES WILLIAM HAUSER,DOROTHY ANDREA
HALLIBURTON BEATRICE NATALIE AND JOSE MCDONALD,HALLIBURTON BEATRICE NATALIE MCDONALD
RONALD CAUDLE AND ERIC GILBERTO POUGH BRAVO,RONALD CAUDLE BRAVO
RONNIE TAMARA AVERY AND RYAN MEHRING,RONNIE TAMARA AVERY
CATHLEEN AND DANIEL JOHNSON,CATHLEEN DANIEL JOHNSON
KERRY EUGENE AND NINA LUCAS LAU,KERRY EUGENE LUCAS LAU
TOM RORY AND DOCTOR GUNNELS SINGH,TOM RORY SINGH
CHAD TOMMY AND CATHY TERI GERBER,CHAD TOMMY
JANIS TEODORA BLAZE AND DOMENIC ZYLINSKI,JANIS TEODORA BLAZE
FLUNKER ANGIE AND JAMES LAMARSH,FLUNKER ANGIE JAMES LAMARSH
DOROTHY MURIEL AND HYNES JAMES DIAZ,DOROTHY MURIEL JAMES DIAZ
KERI ANASTASIA AND MARK ALFONSO LOPEZ,KERI ANASTASIA LOPEZ
RONNIE DAVID AND DIANE KATHLEEN PEACOCK WEHRMANN,RONNIE DAVID
SHERRYL PAMELA MAHER AND TRAVIS ALBERT ESTES,SHERRYL PAMELA MAHER ESTES
BOBBY SCHMITT AND ORTIZ CHERRY STAATS,BOBBY SCHMITT
KYLE TIM AND COLQUHOUN BARTON,KYLE TIM BARTON
JULIA MADELYN AND SEAN DREIER,JULIA MADELYN
WILLIAM JOE AND GERALDINE LINDA PAGORIA,WILLIAM JOE
GREG AND PAULETTE BETTY GIOVANELLI,GREG
BETTY BEVERLY ESTRADA JENKINS AND GLENN LEWIS,BETTY BEVERLY ESTRADA JENKINS
MIGUELINA MORRISON AND BRUCE CLAYTON,MIGUELINA MORRISON
SHIRLEY AND JOSEPH CAMERON MOBLEY,SHIRLEY CAMERON MOBLEY
DENDY DOROTHY AND GARY LANGLEY,DENDY DOROTHY
JERMAINE LYNDON MURRAY AND KRYSTAL BERTA BLACK,JERMAINE LYNDON MURRAY
RICHARD BILL AND GREGORY ROBERT JAMES,RICHARD BILL JAMES
MARSHALL WILLIAM SPURLOCK AND BRIDGETTE ALECIA MATTHIESEN,MARSHALL WILLIAM SPURLOCK
PAUL AND MINDY JIMMIE,PAUL
RICHARD AND GINGER NICKERSON,RICHARD
DOUTHIT AND REVEREND MARIE FONG,DOUTHIT
TRAVIS AND JODI JESSICA LYONS,TRAVIS
MCELVEEN DUSTIN AND MIGUEL MESSICK,MCELVEEN DUSTIN
DEANNA AND JEREMY KEVIN MOWERY,DEANNA
ROLAND CARLOS CONNER AND BRANDY COURTNEY GRIMES,ROLAND CARLOS CONNER
DEAN GARY KRIKORIAN AND PATTI LUCILLE MUSGRAVE WHARTON,DEAN GARY KRIKORIAN
MYRTLE AND PAVONE BOBBY CHAMBERS,MYRTLE CHAMBERS
LESLIE AND GARY DUNCAN,LESLIE DUNCAN
CHARLES SIKKEMA AND SHERRI MOORE,CHARLES SIKKEMA MOORE
ALMA ALYSSA AND FENSKE PETER BONELLI,ALMA ALYSSA
